{
  "hash": "77beb144",
  "configHash": "b6970978",
  "lockfileHash": "19e6fb85",
  "browserHash": "23f043a2",
  "optimized": {
    "@angular/common": {
      "src": "../../../../../../node_modules/@angular/common/fesm2022/common.mjs",
      "file": "@angular_common.js",
      "fileHash": "612b0bcb",
      "needsInterop": false
    },
    "@angular/common/http": {
      "src": "../../../../../../node_modules/@angular/common/fesm2022/http.mjs",
      "file": "@angular_common_http.js",
      "fileHash": "d67d3621",
      "needsInterop": false
    },
    "@angular/core": {
      "src": "../../../../../../node_modules/@angular/core/fesm2022/core.mjs",
      "file": "@angular_core.js",
      "fileHash": "bb25356d",
      "needsInterop": false
    },
    "@angular/platform-browser": {
      "src": "../../../../../../node_modules/@angular/platform-browser/fesm2022/platform-browser.mjs",
      "file": "@angular_platform-browser.js",
      "fileHash": "bc1d4ee1",
      "needsInterop": false
    },
    "@angular/router": {
      "src": "../../../../../../node_modules/@angular/router/fesm2022/router.mjs",
      "file": "@angular_router.js",
      "fileHash": "2efc1922",
      "needsInterop": false
    }
  },
  "chunks": {
    "chunk-N537UPWY": {
      "file": "chunk-N537UPWY.js"
    },
    "chunk-RNEKZLHO": {
      "file": "chunk-RNEKZLHO.js"
    },
    "chunk-WWC5APFF": {
      "file": "chunk-WWC5APFF.js"
    },
    "chunk-I4AHI2R4": {
      "file": "chunk-I4AHI2R4.js"
    }
  }
}